"Kuramon","Tsumemon",5,"N/A"
"Kuramon","Pagumon",5,"N/A"
"Kuramon","Arcadiamon In-Tr.",8,"ATK: 55, ABI: 5, Cleared 'Hacker's Memory'"
"Pabumon","Tanemon",5,"N/A"
"Pabumon","Yokomon",3,"HP: 50"
"Pabumon","Motimon",3,"DEF: 15"
"Punimon","Tsunomon",5,"N/A"
"Punimon","Nyaromon",3,"INT: 10"
"Botamon","Koromon",3,"ATK: 15"
"Botamon","Wanyamon",5,"N/A"
"Poyomon","Tokomon",5,"N/A"
"Poyomon","Bukamon",3,"INT: 15"
"Arcadiamon In-Tr.","Arcadiamon Rookie",6,"ATK: 90, SPD: 20, Cleared 'Hacker's Memory'"
"Koromon","Agumon",9,"ATK: 30, CAM: 10%"
"Koromon","Guilmon",7,"ATK: 30, SPD: 20"
"Koromon","ToyAgumon",8,"HP: 75, DEF: 20"
"Koromon","Hackmon",9,"ATK: 20, ABI: 20, Item: Steel Will"
"Koromon","Dracomon",6,"ATK: 50, DEF: 20, CAM: 10%"
"Koromon","Shoutmon",8,"ATK: 30, SPD: 20, CAM: 10%"
"Tanemon","Lalamon",9,"HP: 75"
"Tanemon","Palmon",8,"HP: 100, CAM: 10%"
"Tanemon","Renamon",7,"ATK: 20, INT: 20, SPD: 20"
"Tanemon","FanBeemon",6,"SPD: 30"
"Tsunomon","Gabumon",7,"HP: 75, ATK: 20, SPD: 20"
"Tsunomon","Gabumon (Blk)",6,"HP: 80, ATK: 30"
"Tsunomon","Goblimon",7,"ATK: 40"
"Tsunomon","Veemon",6,"ATK: 20, SPD: 20, CAM: 10%"
"Tsunomon","Zubamon",10,"ATK: 20, SPD: 20"
"Tsunomon","Monodramon",8,"ATK: 35, CAM: 10%"
"Tsumemon","Agumon (Blk)",8,"ATK: 30"
"Tsumemon","Keramon",9,"ATK: 20, SPD: 20"
"Tsumemon","DemiDevimon",8,"SPD: 30"
"Tsumemon","Dracmon",8,"ATK: 30, SPD: 20"
"Tokomon","Patamon",7,"INT: 20, SPD: 20, CAM: 10%"
"Tokomon","Falcomon",9,"SPD: 30"
"Tokomon","Hawkmon",7,"SPD: 30, CAM: 10%"
"Tokomon","Lucemon",30,"SP: 80, INT: 130, ABI: 80"
"Tokomon","Sistermon Blanc",7,"SP: 20, INT: 30, CAM: 50%, DLC Required"
"Nyaromon","Armadillomon",7,"HP: 75, DEF: 20, CAM: 10%"
"Nyaromon","Terriermon",8,"SPD: 30, CAM: 10%"
"Nyaromon","Salamon",7,"SP: 20, INT: 20, CAM: 10%"
"Nyaromon","Lunamon",8,"SP: 30, INT: 20"
"Pagumon","Impmon",7,"SP: 20, INT: 30"
"Pagumon","Gazimon",9,"ATK: 15, SPD: 20"
"Pagumon","Lopmon",8,"ATK: 15, INT: 20"
"Pagumon","Chuumon",6,"SPD: 30"
"Yokomon","Elecmon",7,"HP: 75, SP: 20, SPD: 20"
"Yokomon","Biyomon",8,"INT: 20, SPD: 20, CAM: 10%"
"Yokomon","Wormmon",8,"DEF: 20, CAM: 10%"
"Yokomon","Mushroomon",8,"HP: 75, DEF: 10"
"Bukamon","Otamamon",7,"INT: 20"
"Bukamon","Gomamon",8,"HP: 100, CAM: 10%"
"Bukamon","Syakomon",7,"DEF: 15, INT: 20"
"Bukamon","Betamon",8,"INT: 40"
"Motimon","Gotsumon",8,"DEF: 30"
"Motimon","Solarmon",6,"HP: 75, DEF: 25"
"Motimon","Tentomon",9,"DEF: 20"
"Motimon","Hagurumon",7,"HP: 75, DEF: 30, CAM: 10%"
"Wanyamon","Gaomon",9,"ATK: 20, SPD: 20, CAM: 10%"
"Wanyamon","Kudamon",8,"SP: 20, INT: 20"
"Wanyamon","Dorumon",8,"ATK: 20, SPD: 30"
"Wanyamon","Ryudamon",8,"ATK: 30, DEF: 30"
"Agumon","Greymon",16,"ATK: 55, CAM: 50%"
"Agumon","GeoGreymon",15,"HP: 150, ATK: 50"
"Agumon","Sukamon",12,"HP: 150, DEF: 40"
"Agumon","Tyrannomon",14,"HP: 150, ATK: 40"
"Agumon","Meramon",14,"ATK: 40"
"Agumon","Agunimon",15,"HP: 150, ATK: 50, Item: Human Spirit of Flame"
"Agumon (Blk)","Growlmon",15,"ATK: 50, SPD: 20"
"Agumon (Blk)","Greymon (Blue)",16,"HP: 150, ATK: 50"
"Agumon (Blk)","Cyclonemon",14,"ATK: 30, DEF: 40"
"Agumon (Blk)","Tankmon",14,"DEF: 55"
"Agumon (Blk)","Tyrannomon",14,"HP: 150, ATK: 40"
"Agumon (Blk)","Monochromon",14,"ATK: 55, DEF: 55"
"Arcadiamon Rookie","Arcadiamon Champion",16,"ATK: 50, INT: 40, Cleared 'Hacker's Memory'"
"Arcadiamon Rookie","Kurisarimon",16,"HP: 150, ATK: 40"
"Arcadiamon Rookie","Leomon",16,"ATK: 55"
"Armadillomon","Ankylomon",15,"HP: 150, DEF: 40"
"Armadillomon","Geremon",12,"HP: 130, SP: 25, DEF: 40"
"Armadillomon","GoldNumemon",18,"ABI: 5"
"Armadillomon","Cyclonemon",14,"ATK: 30, DEF: 40"
"Armadillomon","Tankmon",14,"DEF: 55"
"Armadillomon","Golemon",14,"HP: 150, DEF: 60"
"Impmon","IceDevimon",15,"ATK: 40, INT: 40"
"Impmon","Wizardmon",14,"SP: 35, INT: 55"
"Impmon","Ogremon",14,"ATK: 55"
"Impmon","Socerimon",16,"SP: 40, INT: 40"
"Impmon","Bakemon",13,"SP: 40, INT: 30"
"Impmon","BlackGatomon",16,"INT: 40, CAM: 25%"
"Elecmon","Garurumon",15,"SPD: 50, CAM: 25%"
"Elecmon","Garurumon (Blk)",15,"ATK: 35, SPD: 50"
"Elecmon","Geremon",12,"HP: 130, SP: 25, DEF: 40"
"Elecmon","Sukamon",12,"HP: 150, DEF: 40"
"Elecmon","Nanimon",12,"ATK: 40, DEF: 40"
"Elecmon","Leomon",16,"ATK: 55"
"Otamamon","ShellNumemon",14,"HP: 150, DEF: 55"
"Otamamon","Gekomon",14,"SP: 40, INT: 40"
"Otamamon","Seadramon",14,"DEF: 30, INT: 40"
"Otamamon","Numemon",12,"HP: 150, DEF: 40"
"Otamamon","Coelamon",14,"HP: 300, SPD: 30"
"Otamamon","Raremon",12,"HP: 500"
"Gaomon","Ogremon",14,"ATK: 55"
"Gaomon","GaoGamon",15,"SPD: 55"
"Gaomon","Gargomon",15,"HP: 150, SPD: 40"
"Gaomon","Togemon",16,"HP: 300, DEF: 30, CAM: 25%"
"Gaomon","Leomon",16,"ATK: 55"
"Gaomon","Sangloupmon",15,"ATK: 50, SPD: 55"
"Gazimon","GaoGamon",15,"SPD: 55"
"Gazimon","Garurumon (Blk)",15,"ATK: 35, SPD: 50"
"Gazimon","Kurisarimon",16,"HP: 150, ATK: 40"
"Gazimon","Dorugamon",14,"ATK: 40, SPD: 40"
"Gazimon","Nanimon",12,"ATK: 40, DEF: 40"
"Gazimon","Leomon",16,"ATK: 55"
"Gabumon","Garurumon",15,"SPD: 50, CAM: 25%"
"Gabumon","Dorugamon",14,"ATK: 40, SPD: 40"
"Gabumon","Numemon",12,"HP: 150, DEF: 40"
"Gabumon","Veedramon",16,"ATK: 40, SPD: 35"
"Gabumon","Frigimon",14,"HP: 250, ATK: 30"
"Gabumon","Lobomon",15,"HP: 45, SPD: 55, Item: Human Spirit of Light"
"Gabumon (Blk)","Garurumon (Blk)",15,"ATK: 35, SPD: 50"
"Gabumon (Blk)","Vegiemon",12,"HP: 300"
"Gabumon (Blk)","Frigimon",14,"HP: 250, ATK: 30"
"Gabumon (Blk)","Reppamon",16,"SPD: 40, ABI: 5"
"Gabumon (Blk)","Raremon",12,"HP: 500"
"Guilmon","GeoGreymon",15,"HP: 150, ATK: 50"
"Guilmon","Growlmon",15,"ATK: 50, SPD: 20"
"Guilmon","Greymon (Blue)",16,"HP: 150, ATK: 50"
"Guilmon","Tyrannomon",14,"HP: 150, ATK: 40"
"Guilmon","Meramon",14,"ATK: 40"
"Guilmon","Agunimon",15,"HP: 150, ATK: 50, Item: Human Spirit of Flame"
"Terriermon","Gargomon",15,"HP: 150, SPD: 40"
"Terriermon","Ikkakumon",15,"HP: 300, CAM: 25%"
"Terriermon","Gatomon",16,"INT: 40, CAM: 25%"
"Terriermon","Rapidmon (Armor)",50,"ATK: 100, DEF: 120, INT: 120, ABI: 40, CAM: 50%, Item: Digi-Egg of Destiny"
"Terriermon","Unimon",13,"INT: 40, SPD: 40, CAM: 10%"
"Tentomon","Kabuterimon",14,"DEF: 40, INT: 40"
"Tentomon","Kuwagamon",14,"ATK: 55"
"Tentomon","Sunflowmon",14,"HP: 150, INT: 40"
"Tentomon","Stingmon",14,"ATK: 40, SPD: 55"
"Tentomon","Waspmon",14,"ATK: 40, SPD: 40"
"ToyAgumon","Clockmon",14,"INT: 35"
"ToyAgumon","Guardromon",14,"DEF: 55"
"ToyAgumon","Greymon",16,"ATK: 55, CAM: 50%"
"ToyAgumon","Sukamon",12,"HP: 150, DEF: 40"
"ToyAgumon","Starmon",14,"HP: 150, DEF: 35"
"ToyAgumon","Guardromon (Gold)",14,"HP: 130, DEF: 60"
"Dracmon","Arcadiamon Champion",16,"ATK: 50, INT: 40, Cleared 'Hacker's Memory'"
"Dracmon","Sangloupmon",15,"ATK: 50, SPD: 55"
"Dracmon","Raremon",12,"HP: 500"
"Dracmon","Sistermon Ciel",14,"SP: 40, SPD: 50, CAM: 10%, DLC Required"
"Dracmon","Devimon",16,"ATK: 40, ABI: 5"
"Dracomon","Coredramon (Blue)",14,"ATK: 60, SPD: 25"
"Dracomon","Coredramon (Green)",14,"ATK: 40, DEF: 25, SPD: 40"
"Dracomon","Veedramon",16,"ATK: 40, SPD: 35"
"Dracomon","Ginryumon",14,"ATK: 40, DEF: 40"
"Dorumon","Guardromon",14,"DEF: 55"
"Dorumon","Cyclonemon",14,"ATK: 30, DEF: 40"
"Dorumon","Dorugamon",14,"ATK: 40, SPD: 40"
"Dorumon","Waspmon",14,"ATK: 40, SPD: 40"
"Dorumon","Raptordramon",15,"HP: 130, ATK: 50"
"Hagurumon","Guardromon",14,"DEF: 55"
"Hagurumon","Clockmon",14,"INT: 35"
"Hagurumon","GoldNumemon",18,"ABI: 5"
"Hagurumon","Starmon",14,"HP: 150, DEF: 35"
"Hagurumon","PlatinumSukamon",20,"N/A"
"Patamon","ExVeemon",14,"ATK: 40, SPD: 40, CAM: 25%"
"Patamon","Angemon",16,"INT: 40, ABI: 5"
"Patamon","Gatomon",16,"INT: 40, CAM: 25%"
"Patamon","Birdramon",14,"HP: 40, INT: 40, SPD: 40"
"Patamon","Reppamon",16,"SPD: 40, ABI: 5"
"Patamon","Unimon",13,"INT: 40, SPD: 40, CAM: 10%"
"Hackmon","Greymon",16,"ATK: 55, CAM: 50%"
"Hackmon","GeoGreymon",15,"HP: 150, ATK: 50"
"Hackmon","PlatinumSukamon",20,"N/A"
"Hackmon","Zubaeagermon",20,"ATK: 50, SPD: 50"
"Hackmon","BaoHuckmon",16,"ATK: 55, SPD: 50"
"Hackmon","Monochromon",14,"ATK: 55, DEF: 55"
"Palmon","Woodmon",14,"HP: 500"
"Palmon","Kuwagamon",14,"ATK: 55"
"Palmon","Sunflowmon",14,"HP: 150, INT: 40"
"Palmon","Togemon",16,"HP: 300, DEF: 30, CAM: 25%"
"Palmon","Vegiemon",12,"HP: 300"
"Palmon","MudFrigimon",14,"HP: 150, DEF: 40"
"DemiDevimon","IceDevimon",15,"ATK: 40, INT: 40"
"DemiDevimon","Kyubimon",14,"SP: 40, INT: 40, SPD: 40"
"DemiDevimon","Kurisarimon",16,"HP: 150, ATK: 40"
"DemiDevimon","Devimon",16,"ATK: 40, ABI: 5"
"DemiDevimon","Bakemon",13,"SP: 40, INT: 30"
"Biyomon","Aquilamon",14,"SPD: 55"
"Biyomon","Kabuterimon",14,"DEF: 40, INT: 40"
"Biyomon","Kyubimon",14,"SP: 40, INT: 40, SPD: 40"
"Biyomon","Birdramon",14,"HP: 40, INT: 40, SPD: 40"
"Biyomon","Airdramon",14,"ATK: 35, SPD: 45"
"Falcomon","Aquilamon",14,"SPD: 55"
"Falcomon","ExVeemon",14,"ATK: 40, SPD: 40, CAM: 25%"
"Falcomon","Stingmon",14,"ATK: 40, SPD: 55"
"Falcomon","Peckmon",14,"SPD: 50"
"FanBeemon","Guardromon (Gold)",14,"HP: 130, DEF: 60"
"FanBeemon","Raptordramon",15,"HP: 130, ATK: 50"
"FanBeemon","Stingmon",14,"ATK: 40, SPD: 55"
"FanBeemon","Waspmon",14,"ATK: 40, SPD: 40"
"FanBeemon","Togemon",16,"HP: 300, DEF: 30, CAM: 25%"
"Veemon","ExVeemon",14,"ATK: 40, SPD: 40, CAM: 25%"
"Veemon","Veedramon",16,"ATK: 40, SPD: 35"
"Veemon","Flamedramon",14,"ATK: 40, SPD: 40, CAM: 25%, Item: Digi-Egg of Courage"
"Veemon","Magnamon",60,"ATK: 120, DEF: 145, ABI: 80, CAM: 50%, Item: Digi-Egg of Miracles"
"Veemon","Lobomon",15,"HP: 45, SPD: 55, Item: Human Spirit of Light"
"Veemon","Strikedramon",15,"ATK: 45, SPD: 50"
"Salamon","Socerimon",16,"SP: 40, INT: 40"
"Salamon","Gatomon",16,"INT: 40, CAM: 25%"
"Salamon","Veedramon",16,"ATK: 40, SPD: 35"
"Salamon","Frigimon",14,"HP: 250, ATK: 30"
"Salamon","Reppamon",16,"SPD: 40, ABI: 5"
"Salamon","BaoHuckmon",16,"ATK: 55, SPD: 50"
"Betamon","ShellNumemon",14,"HP: 150, DEF: 55"
"Betamon","Gekomon",14,"SP: 40, INT: 40"
"Betamon","Seadramon",14,"DEF: 30, INT: 40"
"Betamon","Numemon",12,"HP: 150, DEF: 40"
"Betamon","Vegiemon",12,"HP: 300"
"Betamon","Airdramon",14,"ATK: 35, SPD: 45"
"Hawkmon","Aquilamon",14,"SPD: 55"
"Hawkmon","Birdramon",14,"HP: 40, INT: 40, SPD: 40"
"Hawkmon","Peckmon",14,"SPD: 50"
"Hawkmon","Meramon",14,"ATK: 40"
"Hawkmon","Airdramon",14,"ATK: 35, SPD: 45"
"Mushroomon","MudFrigimon",14,"HP: 150, DEF: 40"
"Mushroomon","Woodmon",14,"HP: 500"
"Mushroomon","Sunflowmon",14,"HP: 150, INT: 40"
"Mushroomon","Vegiemon",12,"HP: 300"
"Monodramon","Coredramon (Blue)",14,"ATK: 60, SPD: 25"
"Monodramon","Strikedramon",15,"ATK: 45, SPD: 50"
"Monodramon","Raptordramon",15,"HP: 130, ATK: 50"
"Monodramon","Kurisarimon",16,"HP: 150, ATK: 40"
"Monodramon","Dorugamon",14,"ATK: 40, SPD: 40"
"Lalamon","Woodmon",14,"HP: 500"
"Lalamon","Sunflowmon",14,"HP: 150, INT: 40"
"Lalamon","Togemon",16,"HP: 300, DEF: 30, CAM: 25%"
"Lalamon","Vegiemon",12,"HP: 300"
"Lucemon","Angemon",16,"INT: 40, ABI: 5"
"Lucemon","Devimon",16,"ATK: 40, ABI: 5"
"Lucemon","Lucemon FM",55,"ATK: 180, INT: 240, SPD: 180, ABI: 80"
"Lunamon","Sangloupmon",15,"ATK: 50, SPD: 55"
"Lunamon","Lekismon",15,"ATK: 35, SPD: 40"
"Lunamon","Sistermon Ciel",14,"SP: 40, SPD: 50, CAM: 10%, DLC Required"
"Lunamon","Gatomon",16,"INT: 40, CAM: 25%"
"Renamon","Woodmon",14,"HP: 500"
"Renamon","Garurumon",15,"SPD: 50, CAM: 25%"
"Renamon","Kyubimon",14,"SP: 40, INT: 40, SPD: 40"
"Renamon","BlackGatomon",16,"INT: 40, CAM: 25%"
"Renamon","Turuiemon",14,"ATK: 45, SPD: 40"
"Renamon","Lekismon",15,"ATK: 35, SPD: 40"
"Lopmon","Wizardmon",14,"SP: 35, INT: 55"
"Lopmon","Gargomon",15,"HP: 150, SPD: 40"
"Lopmon","Devimon",16,"ATK: 40, ABI: 5"
"Lopmon","BlackGatomon",16,"INT: 40, CAM: 25%"
"Lopmon","MudFrigimon",14,"HP: 150, DEF: 40"
"Lopmon","Turuiemon",14,"ATK: 45, SPD: 40"
"Wormmon","IceDevimon",15,"ATK: 40, INT: 40"
"Wormmon","Kabuterimon",14,"DEF: 40, INT: 40"
"Wormmon","Kuwagamon",14,"ATK: 55"
"Wormmon","Stingmon",14,"ATK: 40, SPD: 55"
"Wormmon","Waspmon",14,"ATK: 40, SPD: 40"
"Wormmon","Hudiemon",15,"SP: 40, SPD: 40, CAM: 100%, Cleared 'Hacker's Memory'"
"IceDevimon","Myotismon",30,"ATK: 70, INT: 90, ABI: 10"
"IceDevimon","Cherrymon",28,"HP: 800, DEF: 70"
"IceDevimon","LadyDevimon",30,"SP: 75, INT: 95, ABI: 10"
"IceDevimon","Arcadiamon Ultimate",30,"ATK: 110, INT: 85, Cleared 'Hacker's Memory'"
"IceDevimon","Dragomon",28,"SP: 70, INT: 85"
"Icemon","Meteormon",26,"DEF: 110"
"Icemon","Panjyamon",28,"HP: 350, ATK: 75, SPD: 75"
"Icemon","Zudomon",30,"HP: 800, ATK: 75, CAM: 50%"
"Aquilamon","AeroVeedramon",30,"ATK: 75, SPD: 95, CAM: 25%"
"Aquilamon","Garudamon",30,"ATK: 75, SPD: 75"
"Aquilamon","Silphymon",30,"ATK: 60, INT: 75, SPD: 75, CAM: 100%, Digimon: Gatomon"
"Aquilamon","Crowmon",30,"SP: 75, SPD: 90"
"Aquilamon","HippoGryphonmon",26,"SP: 65, INT: 65"
"Agunimon","BurningGreymon",30,"HP: 500, ATK: 120, DEF: 60, Item: Beast Spirit of Flame"
"Agunimon","Matadormon",28,"ATK: 75, SPD: 80"
"Agunimon","SkullMeramon",28,"HP: 500, ATK: 95"
"Agunimon","RizeGreymon",30,"HP: 350, ATK: 100, SPD: 75, CAM: 50%"
"Arcadiamon Champion","Arcadiamon Ultimate",30,"ATK: 110, INT: 85, Cleared 'Hacker's Memory'"
"Arcadiamon Champion","SkullSatamon",28,"ATK: 80, INT: 70"
"Arcadiamon Champion","Infermon",30,"ATK: 95, SPD: 80"
"Ankylomon","Meteormon",26,"DEF: 110"
"Ankylomon","Shakkoumon",30,"DEF: 75, INT: 65, CAM: 100%, Digimon: Angemon"
"Ankylomon","SkullGreymon",28,"ATK: 120, DEF: 85, SPD: 70"
"Ankylomon","MagnaAngemon",30,"SP: 80, INT: 80, ABI: 10"
"Ankylomon","Groundramon",30,"HP: 400, ATK: 125, ABI: 10"
"Ikkakumon","Zudomon",30,"HP: 800, ATK: 75, CAM: 50%"
"Ikkakumon","Whamon",28,"HP: 850, DEF: 75, INT: 75"
"Ikkakumon","MachGaogamon",26,"ATK: 75, SPD: 80"
"Ikkakumon","Triceramon",28,"ATK: 75, DEF: 75"
"Wizardmon","Myotismon",30,"ATK: 70, INT: 90, ABI: 10"
"Wizardmon","SkullMeramon",28,"HP: 500, ATK: 95"
"Wizardmon","Wisemon",28,"SP: 75, INT: 100"
"Wizardmon","Phantomon",28,"SP: 80, INT: 80"
"Lobomon","KendoGarurumon",30,"HP: 300, ATK: 100, SPD: 85, Item: Beast Spirit of Light"
"Lobomon","Knightmon",30,"ATK: 75, DEF: 75"
"Lobomon","WereGarurumon",28,"ATK: 90, SPD: 85, CAM: 50%"
"Woodmon","Cherrymon",28,"HP: 800, DEF: 70"
"Woodmon","Taomon",30,"SP: 60, INT: 75, SPD: 60"
"Woodmon","Pumpkinmon",26,"HP: 850, ATK: 60, INT: 60"
"Airdramon","Wingdramon",30,"ATK: 80, SPD: 95, ABI: 10"
"Airdramon","MegaSeadramon",30,"HP: 400, SP: 70, INT: 70"
"Airdramon","Megadramon",26,"HP: 400, ATK: 95, SPD: 75"
"Airdramon","MetalGreymon",30,"HP: 350, ATK: 100, CAM: 50%"
"ExVeemon","Paildramon",30,"ATK: 90, DEF: 60, SPD: 75, CAM: 100%, Digimon: Stingmon"
"ExVeemon","MagnaAngemon",30,"SP: 80, INT: 80, ABI: 10"
"ExVeemon","RizeGreymon",30,"HP: 350, ATK: 100, SPD: 75, CAM: 50%"
"ExVeemon","Wingdramon",30,"ATK: 80, SPD: 95, ABI: 10"
"ExVeemon","Dinobeemon",30,"HP: 400, ATK: 90, SPD: 75, CAM: 100%, Digimon: Stingmon"
"Angemon","Garudamon",30,"ATK: 75, SPD: 75"
"Angemon","Shakkoumon",30,"DEF: 75, INT: 65, CAM: 100%, Digimon: Ankylomon"
"Angemon","MagnaAngemon",30,"SP: 80, INT: 80, ABI: 10"
"Angemon","SaviorHuckmon",30,"ATK: 90, SPD: 80"
"Angemon","HippoGryphonmon",26,"SP: 65, INT: 65"
"Ogremon","Digitamamon",30,"HP: 700, DEF: 75"
"Ogremon","SkullMeramon",28,"HP: 500, ATK: 95"
"Ogremon","WereGarurumon",28,"ATK: 90, SPD: 85, CAM: 50%"
"Ogremon","SkullSatamon",28,"ATK: 80, INT: 70"
"Guardromon","Andromon",28,"ATK: 75, DEF: 75, INT: 75"
"Guardromon","GrapLeomon",26,"HP: 400, ATK: 95"
"Guardromon","Datamon",28,"SP: 60, INT: 85"
"Guardromon","MetalMamemon",26,"DEF: 80, INT: 65"
"Guardromon","CatchMamemon",26,"HP: 700, DEF: 85"
"Guardromon (Gold)","Grademon",30,"HP: 400, ATK: 80, SPD: 70"
"Guardromon (Gold)","Duramon",40,"HP: 800, ATK: 80, DEF: 80"
"Guardromon (Gold)","Andromon",28,"ATK: 75, DEF: 75, INT: 75"
"Guardromon (Gold)","Rapidmon (Armor)",50,"ATK: 100, DEF: 120, INT: 120, ABI: 40, CAM: 50%, Item: Digi-Egg of Destiny"
"Guardromon (Gold)","Magnamon",60,"ATK: 120, DEF: 145, ABI: 80, CAM: 50%, Item: Digi-Egg of Miracles"
"GaoGamon","GrapLeomon",26,"HP: 400, ATK: 95"
"GaoGamon","MachGaogamon",26,"ATK: 75, SPD: 80"
"GaoGamon","WereGarurumon",28,"ATK: 90, SPD: 85, CAM: 50%"
"Kabuterimon","MegaKabuterimon",28,"HP: 400, DEF: 95"
"Kabuterimon","Cherrymon",28,"HP: 800, DEF: 70"
"Kabuterimon","Lilamon",30,"SP: 75, INT: 75"
"ShellNumemon","ShogunGekomon",26,"HP: 900"
"ShellNumemon","BlackKingNumemon",32,"N/A"
"ShellNumemon","MegaSeadramon",30,"HP: 400, SP: 70, INT: 70"
"Gargomon","Antylamon",28,"ATK: 65, INT: 75, SPD: 85"
"Gargomon","WarGrowlmon",30,"ATK: 105, SPD: 75"
"Gargomon","Rapidmon",28,"ATK: 75, SPD: 75, CAM: 50%"
"Garurumon","Zudomon",30,"HP: 800, ATK: 75, CAM: 50%"
"Garurumon","DoruGreymon",30,"HP: 400, ATK: 95, DEF: 75"
"Garurumon","Panjyamon",28,"HP: 350, ATK: 75, SPD: 75"
"Garurumon","WereGarurumon",28,"ATK: 90, SPD: 85, CAM: 50%"
"Garurumon (Blk)","BlueMeramon",28,"HP: 400, ATK: 80, INT: 70"
"Garurumon (Blk)","MachGaogamon",26,"ATK: 75, SPD: 80"
"Garurumon (Blk)","WereGarurumon (Blk)",28,"HP: 400, ATK: 90, SPD: 70"
"Garurumon (Blk)","Pandamon",26,"ATK: 65, DEF: 65"
"Kyubimon","Taomon",30,"SP: 60, INT: 75, SPD: 60"
"Kyubimon","Monzaemon",26,"HP: 600, ATK: 60"
"Kyubimon","LadyDevimon",30,"SP: 75, INT: 95, ABI: 10"
"Growlmon","Gigadramon",26,"HP: 800, ATK: 75, DEF: 95"
"Growlmon","WarGrowlmon",30,"ATK: 105, SPD: 75"
"Growlmon","MetalGreymon",30,"HP: 350, ATK: 100, CAM: 50%"
"Growlmon","MetalTyrannomon",28,"ATK: 75, DEF: 95"
"Growlmon","BurningGreymon",30,"HP: 500, ATK: 120, DEF: 60, Item: Beast Spirit of Flame"
"Kurisarimon","Infermon",30,"ATK: 95, SPD: 80"
"Kurisarimon","Cyberdramon",28,"HP: 400, ATK: 75, SPD: 75"
"Kurisarimon","Taomon",30,"SP: 60, INT: 75, SPD: 60"
"Kurisarimon","Arcadiamon Ultimate",30,"ATK: 110, INT: 85, Cleared 'Hacker's Memory'"
"Greymon","SkullGreymon",28,"ATK: 120, DEF: 85, SPD: 70"
"Greymon","Megadramon",26,"HP: 400, ATK: 95, SPD: 75"
"Greymon","MetalGreymon",30,"HP: 350, ATK: 100, CAM: 50%"
"Greymon","MetalGreymon (Blue)",30,"HP: 450, ATK: 110"
"Greymon (Blue)","DoruGreymon",30,"HP: 400, ATK: 95, DEF: 75"
"Greymon (Blue)","Knightmon",30,"ATK: 75, DEF: 75"
"Greymon (Blue)","MetalGreymon (Blue)",30,"HP: 450, ATK: 110"
"Greymon (Blue)","Triceramon",28,"ATK: 75, DEF: 75"
"Clockmon","Andromon",28,"ATK: 75, DEF: 75, INT: 75"
"Clockmon","Knightmon",30,"ATK: 75, DEF: 75"
"Clockmon","Datamon",28,"SP: 60, INT: 85"
"Clockmon","Wisemon",28,"SP: 75, INT: 100"
"Kuwagamon","Okuwamon",26,"ATK: 95, DEF: 90"
"Kuwagamon","CannonBeemon",28,"DEF: 75, SPD: 75"
"Kuwagamon","Cherrymon",28,"HP: 800, DEF: 70"
"Gekomon","ShogunGekomon",26,"HP: 900"
"Gekomon","Whamon",28,"HP: 850, DEF: 75, INT: 75"
"Gekomon","MegaSeadramon",30,"HP: 400, SP: 70, INT: 70"
"Geremon","Etemon",26,"SP: 75, DEF: 75, SPD: 65"
"Geremon","SuperStarmon",28,"SP: 70, ATK: 70, DEF: 80"
"Geremon","MetalMamemon",26,"DEF: 80, INT: 65"
"Coredramon (Blue)","Wingdramon",30,"ATK: 80, SPD: 95, ABI: 10"
"Coredramon (Blue)","AeroVeedramon",30,"ATK: 75, SPD: 95, CAM: 25%"
"Coredramon (Blue)","BlueMeramon",28,"HP: 400, ATK: 80, INT: 70"
"Coredramon (Green)","Groundramon",30,"HP: 400, ATK: 125, ABI: 10"
"Coredramon (Green)","Triceramon",28,"ATK: 75, DEF: 75"
"Coredramon (Green)","WarGrowlmon",30,"ATK: 105, SPD: 75"
"GoldNumemon","BlackKingNumemon",32,"N/A"
"GoldNumemon","Vademon",26,"SP: 85"
"GoldNumemon","PlatinumNumemon",65,"ABI: 10"
"Golemon","Volcanomon",26,"ATK: 80, DEF: 75"
"Golemon","Meteormon",26,"DEF: 110"
"Golemon","Pumpkinmon",26,"HP: 850, ATK: 60, INT: 60"
"Cyclonemon","DoruGreymon",30,"HP: 400, ATK: 95, DEF: 75"
"Cyclonemon","Datamon",28,"SP: 60, INT: 85"
"Cyclonemon","Megadramon",26,"HP: 400, ATK: 95, SPD: 75"
"Sangloupmon","KendoGarurumon",30,"HP: 300, ATK: 100, SPD: 85, Item: Beast Spirit of Light"
"Sangloupmon","Matadormon",28,"ATK: 75, SPD: 80"
"Sangloupmon","Myotismon",30,"ATK: 70, INT: 90, ABI: 10"
"Sangloupmon","WereGarurumon (Blk)",28,"HP: 400, ATK: 90, SPD: 70"
"Coelamon","Dragomon",28,"SP: 70, INT: 85"
"Coelamon","Andromon",28,"ATK: 75, DEF: 75, INT: 75"
"Coelamon","MegaSeadramon",30,"HP: 400, SP: 70, INT: 70"
"Coelamon","Hisyaryumon",30,"HP: 400, ATK: 95, DEF: 75"
"GeoGreymon","Gigadramon",26,"HP: 800, ATK: 75, DEF: 95"
"GeoGreymon","SkullGreymon",28,"ATK: 120, DEF: 85, SPD: 70"
"GeoGreymon","RizeGreymon",30,"HP: 350, ATK: 100, SPD: 75, CAM: 50%"
"GeoGreymon","Groundramon",30,"HP: 400, ATK: 125, ABI: 10"
"Sukamon","Etemon",26,"SP: 75, DEF: 75, SPD: 65"
"Sukamon","SuperStarmon",28,"SP: 70, ATK: 70, DEF: 80"
"Sukamon","Vademon",26,"SP: 85"
"Starmon","SuperStarmon",28,"SP: 70, ATK: 70, DEF: 80"
"Starmon","Mamemon",26,"ATK: 75, DEF: 80"
"Starmon","MetalMamemon",26,"DEF: 80, INT: 65"
"Starmon","CatchMamemon",26,"HP: 700, DEF: 85"
"Starmon","Crescemon",30,"SP: 60, ATK: 70"
"Stingmon","Infermon",30,"ATK: 95, SPD: 80"
"Stingmon","Okuwamon",26,"ATK: 95, DEF: 90"
"Stingmon","Paildramon",30,"ATK: 90, DEF: 60, SPD: 75, CAM: 100%, Digimon: ExVeemon"
"Stingmon","Dinobeemon",30,"HP: 400, ATK: 90, SPD: 75, CAM: 100%, Digimon: ExVeemon"
"Strikedramon","SaviorHuckmon",30,"ATK: 90, SPD: 80"
"Strikedramon","Cyberdramon",28,"HP: 400, ATK: 75, SPD: 75"
"Strikedramon","WereGarurumon",28,"ATK: 90, SPD: 85, CAM: 50%"
"Zubaeagermon","KendoGarurumon",30,"HP: 300, ATK: 100, SPD: 85, Item: Beast Spirit of Light"
"Zubaeagermon","Duramon",40,"HP: 800, ATK: 80, DEF: 80"
"Zubaeagermon","Phantomon",28,"SP: 80, INT: 80"
"Socerimon","Antylamon",28,"ATK: 65, INT: 75, SPD: 85"
"Socerimon","Piximon",26,"SP: 75, INT: 80, SPD: 80"
"Socerimon","Wisemon",28,"SP: 75, INT: 100"
"Tankmon","Andromon",28,"ATK: 75, DEF: 75, INT: 75"
"Tankmon","Gigadramon",26,"HP: 800, ATK: 75, DEF: 95"
"Tankmon","CannonBeemon",28,"DEF: 75, SPD: 75"
"Tankmon","Knightmon",30,"ATK: 75, DEF: 75"
"Tankmon","Volcanomon",26,"ATK: 80, DEF: 75"
"MudFrigimon","Pandamon",26,"ATK: 65, DEF: 65"
"MudFrigimon","Meteormon",26,"DEF: 110"
"MudFrigimon","Pumpkinmon",26,"HP: 850, ATK: 60, INT: 60"
"Tyrannomon","Mamemon",26,"ATK: 75, DEF: 80"
"Tyrannomon","Megadramon",26,"HP: 400, ATK: 95, SPD: 75"
"Tyrannomon","MetalGreymon (Blue)",30,"HP: 450, ATK: 110"
"Tyrannomon","MetalTyrannomon",28,"ATK: 75, DEF: 95"
"Gatomon","Angewomon",30,"SP: 75, INT: 100, ABI: 10"
"Gatomon","Silphymon",30,"ATK: 60, INT: 75, SPD: 75, CAM: 100%, Digimon: Aquilamon"
"Gatomon","Lillymon",30,"INT: 75, SPD: 75, CAM: 50%"
"Gatomon","Pandamon",26,"ATK: 65, DEF: 65"
"Devimon","Infermon",30,"ATK: 95, SPD: 80"
"Devimon","Myotismon",30,"ATK: 70, INT: 90, ABI: 10"
"Devimon","BlueMeramon",28,"HP: 400, ATK: 80, INT: 70"
"Devimon","MetalGreymon (Blue)",30,"HP: 450, ATK: 110"
"Devimon","SkullSatamon",28,"ATK: 80, INT: 70"
"Turuiemon","Antylamon",28,"ATK: 65, INT: 75, SPD: 85"
"Turuiemon","Cyberdramon",28,"HP: 400, ATK: 75, SPD: 75"
"Turuiemon","Monzaemon",26,"HP: 600, ATK: 60"
"Togemon","Pumpkinmon",26,"HP: 850, ATK: 60, INT: 60"
"Togemon","MachGaogamon",26,"ATK: 75, SPD: 80"
"Togemon","Lillymon",30,"INT: 75, SPD: 75, CAM: 50%"
"Dorugamon","Chirinmon",30,"SP: 75, SPD: 100, ABI: 10"
"Dorugamon","DoruGreymon",30,"HP: 400, ATK: 95, DEF: 75"
"Dorugamon","RizeGreymon",30,"HP: 350, ATK: 100, SPD: 75, CAM: 50%"
"Dorugamon","Grademon",30,"HP: 400, ATK: 80, SPD: 70"
"Nanimon","Meteormon",26,"DEF: 110"
"Nanimon","SuperStarmon",28,"SP: 70, ATK: 70, DEF: 80"
"Nanimon","Digitamamon",30,"HP: 700, DEF: 75"
"Numemon","Etemon",26,"SP: 75, DEF: 75, SPD: 65"
"Numemon","BlackKingNumemon",32,"N/A"
"Numemon","Monzaemon",26,"HP: 600, ATK: 60"
"Birdramon","AeroVeedramon",30,"ATK: 75, SPD: 95, CAM: 25%"
"Birdramon","Garudamon",30,"ATK: 75, SPD: 75"
"Birdramon","Chirinmon",30,"SP: 75, SPD: 100, ABI: 10"
"Birdramon","Crowmon",30,"SP: 75, SPD: 90"
"Birdramon","BurningGreymon",30,"HP: 500, ATK: 120, DEF: 60, Item: Beast Spirit of Flame"
"Birdramon","HippoGryphonmon",26,"SP: 65, INT: 65"
"BaoHuckmon","KendoGarurumon",30,"HP: 300, ATK: 100, SPD: 85, Item: Beast Spirit of Light"
"BaoHuckmon","SaviorHuckmon",30,"ATK: 90, SPD: 80"
"BaoHuckmon","RizeGreymon",30,"HP: 350, ATK: 100, SPD: 75, CAM: 50%"
"Bakemon","Myotismon",30,"ATK: 70, INT: 90, ABI: 10"
"Bakemon","Pumpkinmon",26,"HP: 850, ATK: 60, INT: 60"
"Bakemon","BlueMeramon",28,"HP: 400, ATK: 80, INT: 70"
"Bakemon","LadyDevimon",30,"SP: 75, INT: 95, ABI: 10"
"Bakemon","Phantomon",28,"SP: 80, INT: 80"
"Bakemon","Matadormon",28,"ATK: 75, SPD: 80"
"Hudiemon","Lillymon",30,"INT: 75, SPD: 75, CAM: 50%"
"Hudiemon","CannonBeemon",28,"DEF: 75, SPD: 75"
"Hudiemon","Lilamon",30,"SP: 75, INT: 75"
"PlatinumSukamon","Etemon",26,"SP: 75, DEF: 75, SPD: 65"
"PlatinumSukamon","Vademon",26,"SP: 85"
"PlatinumSukamon","MetalMamemon",26,"DEF: 80, INT: 65"
"PlatinumSukamon","CatchMamemon",26,"HP: 700, DEF: 85"
"BlackGatomon","Cyberdramon",28,"HP: 400, ATK: 75, SPD: 75"
"BlackGatomon","Knightmon",30,"ATK: 75, DEF: 75"
"BlackGatomon","LadyDevimon",30,"SP: 75, INT: 95, ABI: 10"
"BlackGatomon","WereGarurumon (Blk)",28,"HP: 400, ATK: 90, SPD: 70"
"Vegiemon","MegaKabuterimon",28,"HP: 400, DEF: 95"
"Vegiemon","Digitamamon",30,"HP: 700, DEF: 75"
"Vegiemon","Lilamon",30,"SP: 75, INT: 75"
"Peckmon","Antylamon",28,"ATK: 65, INT: 75, SPD: 85"
"Peckmon","Piximon",26,"SP: 75, INT: 80, SPD: 80"
"Peckmon","Crowmon",30,"SP: 75, SPD: 90"
"Meramon","SkullMeramon",28,"HP: 500, ATK: 95"
"Meramon","Panjyamon",28,"HP: 350, ATK: 75, SPD: 75"
"Meramon","BlueMeramon",28,"HP: 400, ATK: 80, INT: 70"
"Meramon","Mamemon",26,"ATK: 75, DEF: 80"
"Meramon","BurningGreymon",30,"HP: 500, ATK: 120, DEF: 60, Item: Beast Spirit of Flame"
"Meramon","Volcanomon",26,"ATK: 80, DEF: 75"
"Monochromon","Triceramon",28,"ATK: 75, DEF: 75"
"Monochromon","SkullGreymon",28,"ATK: 120, DEF: 85, SPD: 70"
"Monochromon","MetalTyrannomon",28,"ATK: 75, DEF: 95"
"Frigimon","Angewomon",30,"SP: 75, INT: 100, ABI: 10"
"Frigimon","Zudomon",30,"HP: 800, ATK: 75, CAM: 50%"
"Frigimon","Monzaemon",26,"HP: 600, ATK: 60"
"Frigimon","Crescemon",30,"SP: 60, ATK: 70"
"Unimon","HippoGryphonmon",26,"SP: 65, INT: 65"
"Unimon","Piximon",26,"SP: 75, INT: 80, SPD: 80"
"Unimon","MagnaAngemon",30,"SP: 80, INT: 80, ABI: 10"
"Raptordramon","Grademon",30,"HP: 400, ATK: 80, SPD: 70"
"Raptordramon","Duramon",40,"HP: 800, ATK: 80, DEF: 80"
"Raptordramon","Gigadramon",26,"HP: 800, ATK: 75, DEF: 95"
"Raptordramon","DoruGreymon",30,"HP: 400, ATK: 95, DEF: 75"
"Raremon","SkullSatamon",28,"ATK: 80, INT: 70"
"Raremon","Dragomon",28,"SP: 70, INT: 85"
"Raremon","Phantomon",28,"SP: 80, INT: 80"
"Raremon","BlackKingNumemon",32,"N/A"
"Raremon","MetalGreymon (Blue)",30,"HP: 450, ATK: 110"
"Leomon","Meteormon",26,"DEF: 110"
"Leomon","GrapLeomon",26,"HP: 400, ATK: 95"
"Leomon","Panjyamon",28,"HP: 350, ATK: 75, SPD: 75"
"Leomon","MetalGreymon",30,"HP: 350, ATK: 100, CAM: 50%"
"Leomon","Grademon",30,"HP: 400, ATK: 80, SPD: 70"
"Lekismon","Crescemon",30,"SP: 60, ATK: 70"
"Lekismon","Antylamon",28,"ATK: 65, INT: 75, SPD: 85"
"Lekismon","MachGaogamon",26,"ATK: 75, SPD: 80"
"Reppamon","Chirinmon",30,"SP: 75, SPD: 100, ABI: 10"
"Reppamon","Piximon",26,"SP: 75, INT: 80, SPD: 80"
"Reppamon","Rapidmon",28,"ATK: 75, SPD: 75, CAM: 50%"
"Waspmon","MegaKabuterimon",28,"HP: 400, DEF: 95"
"Waspmon","Okuwamon",26,"ATK: 95, DEF: 90"
"Waspmon","CannonBeemon",28,"DEF: 75, SPD: 75"
"Waspmon","Rapidmon",28,"ATK: 75, SPD: 75, CAM: 50%"
"MegaKabuterimon","GranKuwagamon",45,"HP: 1500, ATK: 120, DEF: 120, ABI: 20"
"MegaKabuterimon","HerculesKabuterimon",50,"HP: 1100, DEF: 150, INT: 120, ABI: 20"
"MegaKabuterimon","Magnadramon",55,"HP: 900, SP: 120, INT: 145, ABI: 2"
"Arcadiamon Ultimate","Arcadiamon Mega",60,"SP: 130, ATK: 200, SPD: 100, ABI: 40, Cleared 'Hacker's Memory'"
"Arcadiamon Ultimate","Diaboromon",55,"HP: 1100, ATK: 180, SPD: 130, ABI: 20"
"Arcadiamon Ultimate","Creepymon",60,"HP: 1600, ATK: 230, INT: 160, ABI: 80"
"Antylamon","Kerpymon (Good)",55,"SP: 120, INT: 145, SPD: 100, ABI: 40"
"Antylamon","Dianamon",55,"DEF: 120, INT: 130, SPD: 130, ABI: 20"
"Antylamon","Diaboromon",55,"HP: 1100, ATK: 180, SPD: 130, ABI: 20"
"Antylamon","Kerpymon (Blk)",55,"HP: 1100, SP: 100, INT: 100, ABI: 40"
"Andromon","Craniamon",60,"SP: 110, DEF: 180, INT: 140, ABI: 80"
"Andromon","TigerVespamon",50,"HP: 1000, ATK: 120, SPD: 130, ABI: 20"
"Andromon","HiAndromon",55,"ATK: 100, DEF: 130, INT: 100, ABI: 20"
"Meteormon","Ebemon",45,"SP: 120, INT: 120, ABI: 20"
"Meteormon","Dianamon",55,"DEF: 120, INT: 130, SPD: 130, ABI: 20"
"Meteormon","MetalEtemon",45,"SP: 100, ATK: 120, DEF: 140, ABI: 20"
"Infermon","VenomMyotismon",55,"HP: 1200, SP: 110, ATK: 110, INT: 110, ABI: 40"
"Infermon","Diaboromon",55,"HP: 1100, ATK: 180, SPD: 130, ABI: 20"
"Infermon","Beelzemon",60,"HP: 2000, ATK: 250, SPD: 150, ABI: 80"
"Infermon","Arcadiamon Mega",60,"SP: 130, ATK: 200, SPD: 100, ABI: 40, Cleared 'Hacker's Memory'"
"Myotismon","VenomMyotismon",55,"HP: 1200, SP: 110, ATK: 110, INT: 110, ABI: 40"
"Myotismon","Barbamon",60,"SP: 160, DEF: 120, INT: 200, ABI: 80"
"Myotismon","Piedmon",50,"ATK: 130, INT: 160, SPD: 110, ABI: 20"
"Myotismon","Arcadiamon Mega",60,"SP: 130, ATK: 200, SPD: 100, ABI: 40, Cleared 'Hacker's Memory'"
"Myotismon","GranDracmon",50,"HP: 1300, ATK: 110, INT: 110, ABI: 40"
"Wingdramon","Slayerdramon",55,"HP: 1300, ATK: 130, SPD: 130, ABI: 20"
"Wingdramon","UlforceVeedramon",60,"ATK: 120, SPD: 145, ABI: 80"
"Wingdramon","Dynasmon",60,"HP: 1200, ATK: 140, DEF: 120, SPD: 130, ABI: 80"
"BurningGreymon","KaiserGreymon",55,"HP: 1500, ATK: 150, DEF: 120, ABI: 20, CAM: 80%"
"AeroVeedramon","UlforceVeedramon",60,"ATK: 120, SPD: 145, ABI: 80"
"AeroVeedramon","Dynasmon",60,"HP: 1200, ATK: 140, DEF: 120, SPD: 130, ABI: 80"
"AeroVeedramon","Ravemon",55,"ATK: 130, SPD: 160, ABI: 20"
"AeroVeedramon","Goldramon",55,"ATK: 130, DEF: 120, INT: 120, ABI: 40"
"Etemon","Piedmon",50,"ATK: 130, INT: 160, SPD: 110, ABI: 20"
"Etemon","PlatinumNumemon",65,"ABI: 10"
"Etemon","MetalEtemon",45,"SP: 100, ATK: 120, DEF: 140, ABI: 20"
"Etemon","KingEtemon",45,"ATK: 110, DEF: 130, SPD: 100, ABI: 20"
"Etemon","PileVolcamon",50,"ATK: 120, DEF: 135, ABI: 20"
"Angewomon","Ophanimon",55,"SP: 120, DEF: 120, INT: 145, ABI: 40"
"Angewomon","Magnadramon",55,"HP: 900, SP: 120, INT: 145, ABI: 20"
"Angewomon","Mastemon",60,"SP: 120, ATK: 120, INT: 120, ABI: 80, CAM: 100%, Digimon: LadyDevimon"
"Angewomon","Valkyrimon",50,"ATK: 130, INT: 130, SPD: 160, ABI: 20"
"Okuwamon","GranKuwagamon",45,"HP: 1500, ATK: 120, DEF: 120, ABI: 20"
"Okuwamon","Diaboromon",55,"HP: 1100, ATK: 180, SPD: 130, ABI: 20"
"Okuwamon","HerculesKabuterimon",50,"HP: 1100, DEF: 150, INT: 120, ABI: 20"
"Garudamon","Justimon",50,"HP: 1000, ATK: 130, DEF: 110, ABI: 20, CAM: 80%"
"Garudamon","Hououmon",50,"INT: 130, SPD: 150, ABI: 20"
"Garudamon","Ravemon",55,"ATK: 130, SPD: 160, ABI: 20"
"Garudamon","Varodurumon",55,"SP: 120, INT: 145, SPD: 130, ABI: 40"
"Garudamon","Gryphonmon",50,"SP: 110, INT: 140, ABI: 20"
"KendoGarurumon","MagnaGarurumon",50,"ATK: 130, SPD: 160, ABI: 20, CAM: 80%"
"Gigadramon","GroundLocomon",50,"DEF: 160, SPD: 120, ABI: 20"
"Gigadramon","Machinedramon",50,"HP: 1300, ATK: 130, DEF: 130, ABI: 20"
"Gigadramon","MetalSeadramon",50,"SP: 120, DEF: 120, INT: 120, ABI: 20"
"Gigadramon","Darkdramon",50,"ATK: 150, DEF: 140, ABI: 20"
"Gigadramon","Dorugoramon",50,"HP: 1600, ATK: 160, ABI: 20"
"Gigadramon","Megidramon",55,"HP: 1700, ATK: 180, ABI: 40"
"CatchMamemon","Justimon",50,"HP: 1000, ATK: 130, DEF: 110, ABI: 20, CAM: 80%"
"CatchMamemon","Puppetmon",50,"ATK: 130, DEF: 130, INT: 130, ABI: 20"
"CatchMamemon","PrinceMamemon",45,"DEF: 150, ABI: 20"
"CannonBeemon","GroundLocomon",50,"DEF: 160, SPD: 120, ABI: 20"
"CannonBeemon","MegaGargomon",50,"DEF: 130, SPD: 130, ABI: 20"
"CannonBeemon","TigerVespamon",50,"HP: 1000, ATK: 120, SPD: 130, ABI: 20"
"Groundramon","Breakdramon",55,"HP: 1500, ATK: 160, DEF: 140, ABI: 20"
"Groundramon","Megidramon",55,"HP: 1700, ATK: 180, ABI: 40"
"Groundramon","Vikemon",50,"HP: 1700, ATK: 130, DEF: 130, INT: 120, ABI: 20"
"GrapLeomon","SaberLeomon",50,"ATK: 145, SPD: 120, ABI: 20"
"GrapLeomon","Leopardmon",60,"SP: 100, INT: 120, SPD: 140, ABI: 80"
"GrapLeomon","BanchoLeomon",55,"ATK: 120, DEF: 130, ABI: 20"
"GrapLeomon","PileVolcamon",50,"ATK: 120, DEF: 135, ABI: 20"
"Grademon","Durandamon",60,"HP: 1500, ATK: 140, DEF: 120, ABI: 20"
"Grademon","Dorugoramon",50,"HP: 1600, ATK: 160, ABI: 20"
"Grademon","Alphamon",60,"ATK: 150, DEF: 170, INT: 135, ABI: 80"
"Grademon","TigerVespamon",50,"HP: 1000, ATK: 120, SPD: 130, ABI: 20"
"Grademon","Ouryumon",50,"HP: 1300, ATK: 180, ABI: 20"
"Crescemon","Kerpymon (Good)",55,"SP: 120, INT: 145, SPD: 100, ABI: 40"
"Crescemon","Kentaurosmon",60,"DEF: 140, INT: 120, SPD: 150, ABI: 80"
"Crescemon","Dianamon",55,"DEF: 120, INT: 130, SPD: 130, ABI: 20"
"Cyberdramon","Alphamon",60,"ATK: 150, DEF: 170, INT: 135, ABI: 80"
"Cyberdramon","Justimon",50,"HP: 1000, ATK: 130, DEF: 110, ABI: 20, CAM: 80%"
"Cyberdramon","Titamon",55,"HP: 1400, ATK: 150, INT: 120, ABI: 20"
"Shakkoumon","Vikemon",50,"HP: 1700, ATK: 130, DEF: 130, INT: 120, ABI: 20"
"Shakkoumon","ChaosGallantmon",60,"ATK: 130, DEF: 130, INT: 130, ABI: 40"
"Shakkoumon","Kerpymon (Good)",55,"SP: 120, INT: 145, SPD: 100, ABI: 40"
"Cherrymon","Kuzuhamon",55,"SP: 120, INT: 135, SPD: 120, ABI: 20"
"Cherrymon","GranKuwagamon",45,"HP: 1500, ATK: 120, DEF: 120, ABI: 20"
"Cherrymon","Puppetmon",50,"ATK: 130, DEF: 130, INT: 130, ABI: 20"
"Silphymon","Sakuyamon",55,"SP: 120, INT: 120, SPD: 120, ABI: 20"
"Silphymon","Dynasmon",60,"HP: 1200, ATK: 140, DEF: 120, SPD: 130, ABI: 80"
"Silphymon","Hououmon",50,"INT: 130, SPD: 150, ABI: 20"
"Silphymon","Valkyrimon",50,"ATK: 130, INT: 130, SPD: 160, ABI: 20"
"Silphymon","Gryphonmon",50,"SP: 110, INT: 140, ABI: 20"
"SuperStarmon","Gankoomon",60,"HP: 1700, ATK: 145, DEF: 120, ABI: 80"
"SuperStarmon","Justimon",50,"HP: 1000, ATK: 130, DEF: 110, ABI: 20, CAM: 80%"
"SuperStarmon","PlatinumNumemon",65,"ABI: 10"
"SkullGreymon","ShineGreymon",55,"ATK: 140, SPD: 130, ABI: 20, CAM: 80%"
"SkullGreymon","Titamon",55,"HP: 1400, ATK: 150, INT: 120, ABI: 20"
"SkullGreymon","Creepymon",60,"HP: 1600, ATK: 230, INT: 160, ABI: 80"
"SkullSatamon","GranDracmon",50,"HP: 1300, ATK: 110, INT: 110, ABI: 40"
"SkullSatamon","Diaboromon",55,"HP: 1100, ATK: 180, SPD: 130, ABI: 20"
"SkullSatamon","Creepymon",60,"HP: 1600, ATK: 230, INT: 160, ABI: 80"
"Zudomon","Vikemon",50,"HP: 1700, ATK: 130, DEF: 130, INT: 120, ABI: 20"
"Zudomon","MarineAngemon",50,"SP: 110, INT: 135, ABI: 20, CAM: 50%"
"Zudomon","MetalGarurumon",55,"ATK: 130, DEF: 120, SPD: 150, ABI: 20, CAM: 80%"
"Zudomon","Plesiomon",50,"SP: 100, DEF: 120, INT: 145, ABI: 20"
"SaviorHuckmon","Slayerdramon",55,"HP: 1300, ATK: 130, SPD: 130, ABI: 20"
"SaviorHuckmon","Valkyrimon",50,"ATK: 130, INT: 130, SPD: 160, ABI: 20"
"SaviorHuckmon","Jesmon",60,"ATK: 180, SPD: 180, ABI: 80, CAM: 80%"
"Taomon","Kuzuhamon",55,"SP: 120, INT: 135, SPD: 120, ABI: 20"
"Taomon","Sakuyamon",55,"SP: 120, INT: 120, SPD: 120, ABI: 20"
"Taomon","Dianamon",55,"DEF: 120, INT: 130, SPD: 130, ABI: 20"
"Dragomon","Neptunemon",55,"HP: 1000, SP: 100, INT: 130, ABI: 20"
"Dragomon","Ebemon",45,"SP: 120, INT: 120, ABI: 20"
"Dragomon","Leviamon",60,"HP: 2000, SP: 140, ATK: 140, DEF: 140, INT: 140, ABI: 80"
"Chirinmon","Kentaurosmon",60,"DEF: 140, INT: 120, SPD: 150, ABI: 80"
"Chirinmon","Seraphimon",55,"SP: 130, DEF: 130, INT: 150, ABI: 40, CAM: 50%"
"Chirinmon","MetalGarurumon",55,"ATK: 130, DEF: 120, SPD: 150, ABI: 20, CAM: 80%"
"Dinobeemon","Imperialdramon DM",55,"HP: 1600, DEF: 150, SPD: 150, ABI: 20"
"Dinobeemon","GranKuwagamon",45,"HP: 1500, ATK: 120, DEF: 120, ABI: 20"
"Digitamamon","Titamon",55,"HP: 1400, ATK: 150, INT: 120, ABI: 20"
"Digitamamon","Belphemon SM",60,"HP: 1700, SP: 140, INT: 180, ABI: 80"
"Digitamamon","Minervamon",55,"ATK: 150, SPD: 140, ABI: 20"
"SkullMeramon","Gankoomon",60,"HP: 1700, ATK: 145, DEF: 120, ABI: 80"
"SkullMeramon","Beelzemon",60,"HP: 2000, ATK: 250, SPD: 150, ABI: 80"
"SkullMeramon","Boltmon",50,"ATK: 145, DEF: 100, ABI: 20"
"Duramon","Durandamon",60,"HP: 1500, ATK: 140, DEF: 120, ABI: 20"
"Duramon","TigerVespamon",50,"HP: 1000, ATK: 120, SPD: 130, ABI: 20"
"Duramon","Jesmon",60,"ATK: 180, SPD: 180, ABI: 80, CAM: 80%"
"ShogunGekomon","Vikemon",50,"HP: 1700, ATK: 130, DEF: 130, INT: 120, ABI: 20"
"ShogunGekomon","Plesiomon",50,"SP: 100, DEF: 120, INT: 145, ABI: 20"
"ShogunGekomon","Leviamon",60,"HP: 2000, SP: 140, ATK: 140, DEF: 140, INT: 140, ABI: 80"
"ShogunGekomon","KingEtemon",45,"ATK: 110, DEF: 130, SPD: 100, ABI: 20"
"Triceramon","Breakdramon",55,"HP: 1500, ATK: 160, DEF: 140, ABI: 20"
"Triceramon","GranKuwagamon",45,"HP: 1500, ATK: 120, DEF: 120, ABI: 20"
"Triceramon","SaberLeomon",50,"ATK: 145, SPD: 120, ABI: 20"
"DoruGreymon","Alphamon",60,"ATK: 150, DEF: 170, INT: 135, ABI: 80"
"DoruGreymon","Kentaurosmon",60,"DEF: 140, INT: 120, SPD: 150, ABI: 80"
"DoruGreymon","Dorugoramon",50,"HP: 1600, ATK: 160, ABI: 20"
"Knightmon","Craniamon",60,"SP: 110, DEF: 180, INT: 140, ABI: 80"
"Knightmon","Leopardmon",60,"SP: 100, INT: 120, SPD: 140, ABI: 80"
"Knightmon","Crusadermon",60,"ATK: 120, INT: 135, SPD: 150, ABI: 80, CAM: 50%"
"Knightmon","Durandamon",60,"HP: 1500, ATK: 140, DEF: 120, ABI: 20"
"Datamon","GroundLocomon",50,"DEF: 160, SPD: 120, ABI: 20"
"Datamon","Machinedramon",50,"HP: 1300, ATK: 130, DEF: 130, ABI: 20"
"Datamon","MetalGarurumon (Blk)",55,"DEF: 135, SPD: 125, ABI: 20"
"Paildramon","Imperialdramon DM",55,"HP: 1600, DEF: 150, SPD: 150, ABI: 20"
"Panjyamon","SaberLeomon",50,"ATK: 145, SPD: 120, ABI: 20"
"Panjyamon","BanchoLeomon",55,"ATK: 120, DEF: 130, ABI: 20"
"Panjyamon","MirageGaogamon",55,"ATK: 120, SPD: 130, ABI: 20"
"Pandamon","KingEtemon",45,"ATK: 110, DEF: 130, SPD: 100, ABI: 20"
"Pandamon","Justimon",50,"HP: 1000, ATK: 130, DEF: 110, ABI: 20, CAM: 80%"
"Pandamon","BanchoLeomon",55,"ATK: 120, DEF: 130, ABI: 20"
"Pumpkinmon","Puppetmon",50,"ATK: 130, DEF: 130, INT: 130, ABI: 20"
"Pumpkinmon","Boltmon",50,"ATK: 145, DEF: 100, ABI: 20"
"Pumpkinmon","Rosemon",55,"SP: 120, INT: 120, ABI: 20"
"Piximon","Ophanimon",55,"SP: 120, DEF: 120, INT: 145, ABI: 40"
"Piximon","Hououmon",50,"INT: 130, SPD: 150, ABI: 20"
"Piximon","MarineAngemon",50,"SP: 110, INT: 135, ABI: 20, CAM: 50%"
"HippoGryphonmon","Varodurumon",55,"SP: 120, INT: 145, SPD: 130, ABI: 40"
"HippoGryphonmon","Gryphonmon",50,"SP: 110, INT: 140, ABI: 20"
"HippoGryphonmon","Seraphimon",55,"SP: 130, DEF: 130, INT: 150, ABI: 40, CAM: 50%"
"Phantomon","VenomMyotismon",55,"HP: 1200, SP: 110, ATK: 110, INT: 110, ABI: 40"
"Phantomon","Titamon",55,"HP: 1400, ATK: 150, INT: 120, ABI: 20"
"Phantomon","Barbamon",60,"SP: 160, DEF: 120, INT: 200, ABI: 80"
"BlackKingNumemon","PlatinumNumemon",65,"ABI: 10"
"BlackKingNumemon","PrinceMamemon",45,"DEF: 150, ABI: 20"
"BlackKingNumemon","MetalEtemon",45,"SP: 100, ATK: 120, DEF: 140, ABI: "
"BlueMeramon","Creepymon",60,"HP: 1600, ATK: 230, INT: 160, ABI: 80"
"BlueMeramon","Barbamon",60,"SP: 160, DEF: 120, INT: 200, ABI: 80"
"BlueMeramon","Boltmon",50,"ATK: 145, DEF: 100, ABI: 20"
"BlueMeramon","Darkdramon",50,"ATK: 150, DEF: 140, ABI: 20"
"Vademon","Ebemon",45,"SP: 120, INT: 120, ABI: 20"
"Vademon","HiAndromon",55,"ATK: 100, DEF: 130, INT: 100, ABI: 20"
"Vademon","HerculesKabuterimon",50,"HP: 1100, DEF: 150, INT: 120, ABI: 20"
"Whamon","Plesiomon",50,"SP: 100, DEF: 120, INT: 145, ABI: 20"
"Whamon","MarineAngemon",50,"SP: 110, INT: 135, ABI: 20, CAM: 50%"
"Whamon","MetalSeadramon",50,"SP: 120, DEF: 120, INT: 120, ABI: 20"
"Whamon","Neptunemon",55,"HP: 1000, SP: 100, INT: 130, ABI: 20"
"MagnaAngemon","ShineGreymon",55,"ATK: 140, SPD: 130, ABI: 20, CAM: 80%"
"MagnaAngemon","Seraphimon",55,"SP: 130, DEF: 130, INT: 150, ABI: 40, CAM: 50%"
"MagnaAngemon","Crusadermon",60,"ATK: 120, INT: 135, SPD: 150, ABI: 80, CAM: 50%"
"MagnaAngemon","Valkyrimon",50,"ATK: 130, INT: 130, SPD: 160, ABI: 20"
"MagnaAngemon","Goldramon",55,"ATK: 130, DEF: 120, INT: 120, ABI: 40"
"Volcanomon","PileVolcamon",50,"ATK: 120, DEF: 135, ABI: 20"
"Volcanomon","Gankoomon",60,"HP: 1700, ATK: 145, DEF: 120, ABI: 80"
"Volcanomon","MetalEtemon",45,"SP: 100, ATK: 120, DEF: 140, ABI: 20"
"Matadormon","GranDracmon",50,"HP: 1300, ATK: 110, INT: 110, ABI: 40"
"Matadormon","VenomMyotismon",55,"HP: 1200, SP: 110, ATK: 110, INT: 110, ABI: 40"
"Matadormon","Piedmon",50,"ATK: 130, INT: 160, SPD: 110, ABI: 20"
"MachGaogamon","MegaGargomon",50,"DEF: 130, SPD: 130, ABI: 20"
"MachGaogamon","BanchoLeomon",55,"ATK: 120, DEF: 130, ABI: 20"
"MachGaogamon","MirageGaogamon",55,"ATK: 120, SPD: 130, ABI: 20"
"MachGaogamon","Merukimon",55,"ATK: 130, INT: 110, SPD: 160, ABI: 20"
"Mamemon","WarGreymon",55,"HP: 1700, ATK: 160, DEF: 130, ABI: 20, CAM: 80%"
"Mamemon","Puppetmon",50,"ATK: 130, DEF: 130, INT: 130, ABI: 20"
"Mamemon","PrinceMamemon",45,"DEF: 150, ABI: 20"
"Belphemon RM","Belphemon SM",0,"Mode Change"
"Shoutmon","OmniShoutmon",60,"ATK: 130, DEF: 130, SPD: 120, ABI: 80"
"Leopardmon LM","Leopardmon",0,"Mode Change"
"Leopardmon","Leopardmon LM",0,"Mode Change"
"Arcadiamon Mega","Arcadiamon Ultra",70,"SP: 150, ATK: 250, INT: 150, SPD: 160, ABI: 60, Cleared 'Hacker's Memory'"
"Imperialdramon FM","Imperialdramon DM",0,"Mode Change"
"Imperialdramon DM","Imperialdramon PM",70,"ATK: 160, DEF: 160, INT: 160, SPD: 160, ABI: 100"
"Imperialdramon DM","Imperialdramon FM",0,"Mode Change"
"KaiserGreymon","Susanomon",60,"HP: 1000, ATK: 150, INT: 150, ABI: 100, CAM: 100%, Digimon: MagnaGarurumon"
"Ravemon","Ravemon BM",60,"SP: 160, SPD: 250, ABI: 30, CAM: 100%"
"MirageGaogamon","MirageGaogamon BM",60,"ATK: 200, SPD: 200, ABI: 30, CAM: 100%"
"MagnaGarurumon (SV)","MagnaGarurumon",0,"Mode Change"
"MagnaGarurumon","MagnaGarurumon (SV)",0,"Mode Change"
"MagnaGarurumon","Susanomon",60,"HP: 1000, ATK: 150, INT: 150, ABI: 100, CAM: 100%, Digimon: KaiserGreymon"
"ShineGreymon","ShineGreymon BM",60,"HP: 2000, ATK: 250, ABI: 30, CAM: 100%"
"Alphamon","Alphamon Ouryuken",60,"ATK: 180, DEF: 170, INT: 150, ABI: 80, CAM: 100%, Digimon: Ouryumon"
"Varodurumon","Chaosmon VA",60,"ATK: 155, INT: 100, ABI: 40, CAM: 100%, Digimon: BanchoLeomon"
"Belphemon SM","Belphemon RM",0,"Mode Change"
"Rosemon","Rosemon BM",60,"SP: 170, INT: 180, ABI: 30, CAM: 100%"
"RizeGreymon","Gaiomon",50,"ATK: 120, DEF: 100, SPD: 100, ABI: 20"
"RizeGreymon","ShineGreymon",55,"ATK: 140, SPD: 130, ABI: 20, CAM: 80%"
"RizeGreymon","Slayerdramon",55,"HP: 1300, ATK: 130, SPD: 130, ABI: 20"
"WarGreymon","Omnimon",60,"ATK: 200, INT: 150, SPD: 150, ABI: 40, CAM: 100%, Digimon: MetalGarurumon"
"Slayerdramon","Examon",60,"HP: 1650, ATK: 150, SPD: 150, ABI: 100, CAM: 100%, Digimon: Breakdramon"
"Darkdramon","Chaosmon",60,"ATK: 255, ABI: 40, CAM: 100%, Digimon: BanchoLeomon"
"Diaboromon","Armageddemon",70,"HP: 2000, SP: 140, ATK: 290, ABI: 100"
"Gallantmon","Gallantmon CM",80,"ATK: 185, DEF: 185, INT: 185, ABI: 80, CAM: 100"
"Machinedramon","Chaosdramon",50,"HP: 1500, ATK: 130, DEF: 120, ABI: 20"
"Machinedramon","Apocalymon",99,"ABI: 120"
"MetalGarurumon","Omnimon",60,"ATK: 200, INT: 150, SPD: 150, ABI: 40, CAM: 100%, Digimon: WarGreymon"
"MetalGarurumon (Blk)","Omnimon Zwart",60,"HP: 1500, ATK: 150, DEF: 200, ABI: 40, CAM: 100%, Digimon: BlackWarGreymon"
"MetalSeadramon","Apocalymon",99,"ABI: 120"
"Ryudamon","Ginryumon",14,"ATK: 40, DEF: 40"
"Ryudamon","Raptordramon",15,"HP: 130, ATK: 50"
"Ryudamon","Reppamon",16,"SPD: 40, ABI: 5"
"Ginryumon","Hisyaryumon",30,"HP: 400, ATK: 95, DEF: 75"
"Ginryumon","CannonBeemon",28,"DEF: 75, SPD: 75"
"Ginryumon","MegaSeadramon",30,"HP: 400, SP: 70, INT: 70"
"Hisyaryumon","Ouryumon",50,"HP: 1300, ATK: 180, ABI: 20"
"Hisyaryumon","Gaiomon",50,"ATK: 120, DEF: 100, SPD: 100, ABI: 20"
"Hisyaryumon","Goldramon",55,"ATK: 130, DEF: 120, INT: 120, ABI: 40"
"Hisyaryumon","Minervamon",55,"ATK: 150, SPD: 140, ABI: 20"
"Ouryumon","Alphamon Ouryuken",60,"ATK: 180, DEF: 170, INT: 150, ABI: 80, CAM: 100%, Digimon: Alphamon"
"Sistermon Blanc","Sistermon B (Awake.)",60,"HP: 1150, SP: 130, INT: 150, ABI: 50, DLC Required"
"Sistermon Blanc","Sistermon Ciel",14,"SP: 40, SPD: 50, CAM: 10%, DLC Required"
"Sistermon Blanc","Gargomon",15,"HP: 150, SPD: 40"
"Sistermon Blanc","Lekismon",15,"ATK: 35, SPD: 40"
"Sistermon Ciel","Sistermon C (Awake.)",60,"HP: 1150, ATK: 130, SPD: 150, ABI: 50, DLC Required"
"Sistermon Ciel","Pandamon",26,"ATK: 65, DEF: 65"
"Sistermon Ciel","LadyDevimon",30,"SP: 75, INT: 95, ABI: 10"
"BanchoLeomon","Chaosmon",60,"ATK: 255, ABI: 40, CAM: 100%, Digimon: Darkdramon"
"BanchoLeomon","Chaosmon VA",60,"ATK: 155, INT: 100, ABI: 40, CAM: 100%, Digimon: Varodurumon"
"Piedmon","Apocalymon",99,"ABI: 12"
"Puppetmon","Apocalymon",99,"ABI: 120"
"BlackWarGreymon","Omnimon Zwart",60,"HP: 1500, ATK: 150, DEF: 200, ABI: 40, CAM: 100%, Digimon: MetalGarurumon (Blk)"
"Breakdramon","Examon",60,"HP: 1650, ATK: 150, SPD: 150, ABI: 100, CAM: 100%, Digimon: Slayerdramon"
"HerculesKabuterimon","TyrantKabuterimon",55,"HP: 1600, ATK: 140, DEF: 130, ABI: 40"
"Beelzemon","Beelzemon BM",80,"HP: 2100, ATK: 300, SPD: 220, ABI: 100, CAM: 100%"
"Lilamon","Lilithmon",60,"SP: 200, INT: 250, SPD: 130, ABI: 80"
"Lilamon","Rosemon",55,"SP: 120, INT: 120, ABI: 20"
"Lilamon","Lotosmon",55,"INT: 170, SPD: 130, ABI: 20"
"Rapidmon","MegaGargomon",50,"DEF: 130, SPD: 130, ABI: 20"
"Rapidmon","TigerVespamon",50,"HP: 1000, ATK: 120, SPD: 130, ABI: 20"
"Rapidmon","MetalGarurumon (Blk)",55,"DEF: 135, SPD: 125, ABI: 20"
"Lillymon","Magnadramon",55,"HP: 900, SP: 120, INT: 145, ABI: 20"
"Lillymon","Rosemon",55,"SP: 120, INT: 120, ABI: 20"
"Lillymon","Lotosmon",55,"INT: 170, SPD: 130, ABI: 20"
"Lucemon FM","Lucemon SM",70,"HP: 1400, SP: 160, ATK: 130, INT: 250, SPD: 170, ABI: 100"
"LadyDevimon","Mastemon",60,"SP: 120, ATK: 120, INT: 120, ABI: 80, CAM: 100%, Digimon: Angewomon"
"LadyDevimon","Lilithmon",60,"SP: 200, INT: 250, SPD: 130, ABI: 80"
"LadyDevimon","Lotosmon",55,"INT: 170, SPD: 130, ABI: 20"
"WereGarurumon","MirageGaogamon",55,"ATK: 120, SPD: 130, ABI: 20"
"WereGarurumon","MetalGarurumon",55,"ATK: 130, DEF: 120, SPD: 150, ABI: 20, CAM: 80%"
"WereGarurumon","MetalGarurumon (Blk)",55,"DEF: 135, SPD: 125, ABI: 20"
"WereGarurumon (Blk)","BanchoLeomon",55,"ATK: 120, DEF: 130, ABI: 20"
"WereGarurumon (Blk)","Minervamon",55,"ATK: 150, SPD: 140, ABI: 20"
"WereGarurumon (Blk)","MetalGarurumon (Blk)",55,"DEF: 135, SPD: 125, ABI: 20"
"WereGarurumon (Blk)","Merukimon",55,"ATK: 130, INT: 110, SPD: 160, ABI: 20"
"Wisemon","VenomMyotismon",55,"HP: 1200, SP: 110, ATK: 110, INT: 110, ABI: 40"
"Wisemon","Piedmon",50,"ATK: 130, INT: 160, SPD: 110, ABI: 20"
"Wisemon","Belphemon SM",60,"HP: 1700, SP: 140, INT: 180, ABI: 80"
"MegaSeadramon","Plesiomon",50,"SP: 100, DEF: 120, INT: 145, ABI: 20"
"MegaSeadramon","MetalSeadramon",50,"SP: 120, DEF: 120, INT: 120, ABI: 20"
"MegaSeadramon","Leviamon",60,"HP: 2000, SP: 140, ATK: 140, DEF: 140, INT: 140, ABI: 80"
"MegaSeadramon","Neptunemon",55,"HP: 1000, SP: 100, INT: 130, ABI: 20"
"Megadramon","UlforceVeedramon",60,"ATK: 120, SPD: 145, ABI: 80"
"Megadramon","BlackWarGreymon",55,"HP: 1800, ATK: 140, DEF: 140, ABI: 20"
"Megadramon","Machinedramon",50,"HP: 1300, ATK: 130, DEF: 130, ABI: 20"
"Megadramon","Goldramon",55,"ATK: 130, DEF: 120, INT: 120, ABI: 40"
"Megadramon","Megidramon",55,"HP: 1700, ATK: 180, ABI: 40"
"WarGrowlmon","ChaosGallantmon",60,"ATK: 130, DEF: 130, INT: 130, ABI: 40"
"WarGrowlmon","Gallantmon",60,"ATK: 140, DEF: 140, INT: 140, ABI: 80, CAM: 50%"
"WarGrowlmon","RustTyranomon",55,"HP: 1300, ATK: 180, DEF: 150, ABI: 20"
"WarGrowlmon","Darkdramon",50,"ATK: 150, DEF: 140, ABI: 20"
"WarGrowlmon","Megidramon",55,"HP: 1700, ATK: 180, ABI: 40"
"MetalGreymon","WarGreymon",55,"HP: 1700, ATK: 160, DEF: 130, ABI: 20, CAM: 80%"
"MetalGreymon","Gaiomon",50,"ATK: 120, DEF: 100, SPD: 100, ABI: 20"
"MetalGreymon","RustTyranomon",55,"HP: 1300, ATK: 180, DEF: 150, ABI: 20"
"MetalGreymon (Blue)","WarGreymon",55,"HP: 1700, ATK: 160, DEF: 130, ABI: 20, CAM: 80%"
"MetalGreymon (Blue)","Gaiomon",50,"ATK: 120, DEF: 100, SPD: 100, ABI: 20"
"MetalGreymon (Blue)","BlackWarGreymon",55,"HP: 1800, ATK: 140, DEF: 140, ABI: 20"
"MetalGreymon (Blue)","Kerpymon (Blk)",55,"HP: 1100, SP: 100, INT: 100, ABI: 40"
"MetalTyrannomon","BlackWarGreymon",55,"HP: 1800, ATK: 140, DEF: 140, ABI: 20"
"MetalTyrannomon","Gallantmon",60,"ATK: 140, DEF: 140, INT: 140, ABI: 80, CAM: 50%"
"MetalTyrannomon","RustTyranomon",55,"HP: 1300, ATK: 180, DEF: 150, ABI: 20"
"MetalTyrannomon","Breakdramon",55,"HP: 1500, ATK: 160, DEF: 140, ABI: 20"
"MetalMamemon","Ebemon",45,"SP: 120, INT: 120, ABI: 20"
"MetalMamemon","HiAndromon",55,"ATK: 100, DEF: 130, INT: 100, ABI: 20"
"MetalMamemon","PrinceMamemon",45,"DEF: 150, ABI: 20"
"Monzaemon","SaberLeomon",50,"ATK: 145, SPD: 120, ABI: 20"
"Monzaemon","Sakuyamon",55,"SP: 120, INT: 120, SPD: 120, ABI: 20"
"Monzaemon","Minervamon",55,"ATK: 150, SPD: 140, ABI: 20"
"Crowmon","Kuzuhamon",55,"SP: 120, INT: 135, SPD: 120, ABI: 20"
"Crowmon","Minervamon",55,"ATK: 150, SPD: 140, ABI: 20"
"Crowmon","Ravemon",55,"ATK: 130, SPD: 160, ABI: 20"
"Crowmon","Varodurumon",55,"SP: 120, INT: 145, SPD: 130, ABI: 40"
"Crowmon","Ouryumon",50,"HP: 1300, ATK: 180, ABI: 20"
